Id,Indikator,"Tendensi hambatan dalam hubungan sosial, neourotis","Ada kemungkinan gangguan organis (misalnya, orang sering sakit, kerusakan otak, kemunduran, tendensi hipokondriasis, intelegensi kurang, pikirannya melayang (over) pada paranoid, terlalu membanggakan intelek, penekanan pada fantasi (pada anak-anak) aspirasi intelektuil (mungkin disertai orandiosity), kurang masak dalam instropeksi atau fantasi, simptom-simptom pada kepala",Tendensi aspirasi lebih besar dari pada kemampuan,Normal
1_3,"[네da kemungkinan gangguan organis (misalnya, orang sering sakit, kerusakan otak, kemunduran, tendensi hipokondriasis, intelegensi kurang, pikirannya melayang (over) pada paranoid, terlalu membanggakan intelek, penekanan pada fantasi (pada anak-anak) aspirasi intelektuil (mungkin disertai orandiosity), kurang masak dalam instropeksi atau fantasi, simptom-simptom pada kepala넿",0,1,0,0
2_3,"[넶endensi hambatan dalam hubungan sosial, neourotis넿",0,0,0,0
3_3,"[넶endensi hambatan dalam hubungan sosial, neourotis넿",1,0,0,0
4_3,"[네da kemungkinan gangguan organis (misalnya, orang sering sakit, kerusakan otak, kemunduran, tendensi hipokondriasis, intelegensi kurang, pikirannya melayang (over) pada paranoid, terlalu membanggakan intelek, penekanan pada fantasi (pada anak-anak) aspirasi intelektuil (mungkin disertai orandiosity), kurang masak dalam instropeksi atau fantasi, simptom-simptom pada kepala넿",0,1,0,0
5_3,"[넶endensi hambatan dalam hubungan sosial, neourotis넿",1,0,0,0
6_3,"[넶endensi hambatan dalam hubungan sosial, neourotis넿",1,0,0,0
7_3,[넱ormal넿,0,0,0,1
8_3,[넶endensi aspirasi lebih besar dari pada kemampuan넿,0,0,1,0
9_3,[넱ormal넿,0,0,0,1
10_3,"[네da kemungkinan gangguan organis (misalnya, orang sering sakit, kerusakan otak, kemunduran, tendensi hipokondriasis, intelegensi kurang, pikirannya melayang (over) pada paranoid, terlalu membanggakan intelek, penekanan pada fantasi (pada anak-anak) aspirasi intelektuil (mungkin disertai orandiosity), kurang masak dalam instropeksi atau fantasi, simptom-simptom pada kepala넿",0,1,0,0
11_3,[넱ormal넿,0,0,0,1
12_3,"[넶endensi hambatan dalam hubungan sosial, neourotis넿",1,0,0,0
13_3,[넱ormal넿,0,0,0,1
14_3,"[넶endensi hambatan dalam hubungan sosial, neourotis넿",1,0,0,0
15_3,[넱ormal넿,0,0,0,1
16_3,"[넶endensi hambatan dalam hubungan sosial, neourotis넿",1,0,0,0
17_3,"[넶endensi hambatan dalam hubungan sosial, neourotis넿",1,0,0,0
18_3,[넱ormal넿,0,0,0,1
19_3,[넱ormal넿,0,0,0,1
20_3,[넱ormal넿,0,0,0,1
21_3,"[네da kemungkinan gangguan organis (misalnya, orang sering sakit, kerusakan otak, kemunduran, tendensi hipokondriasis, intelegensi kurang, pikirannya melayang (over) pada paranoid, terlalu membanggakan intelek, penekanan pada fantasi (pada anak-anak) aspirasi intelektuil (mungkin disertai orandiosity), kurang masak dalam instropeksi atau fantasi, simptom-simptom pada kepala넿",0,1,0,0
22_3,[넱ormal넿,0,0,0,1
23_3,[넱ormal넿,0,0,0,1
24_3,"[넶endensi hambatan dalam hubungan sosial, neourotis넿",1,0,0,0
25_3,[넶endensi aspirasi lebih besar dari pada kemampuan넿,0,0,1,0
26_3,"[네da kemungkinan gangguan organis (misalnya, orang sering sakit, kerusakan otak, kemunduran, tendensi hipokondriasis, intelegensi kurang, pikirannya melayang (over) pada paranoid, terlalu membanggakan intelek, penekanan pada fantasi (pada anak-anak) aspirasi intelektuil (mungkin disertai orandiosity), kurang masak dalam instropeksi atau fantasi, simptom-simptom pada kepala넿",0,1,0,0
27_3,[넱ormal넿,0,0,0,1
28_3,"[네da kemungkinan gangguan organis (misalnya, orang sering sakit, kerusakan otak, kemunduran, tendensi hipokondriasis, intelegensi kurang, pikirannya melayang (over) pada paranoid, terlalu membanggakan intelek, penekanan pada fantasi (pada anak-anak) aspirasi intelektuil (mungkin disertai orandiosity), kurang masak dalam instropeksi atau fantasi, simptom-simptom pada kepala넿",0,1,0,0
29_3,"[네da kemungkinan gangguan organis (misalnya, orang sering sakit, kerusakan otak, kemunduran, tendensi hipokondriasis, intelegensi kurang, pikirannya melayang (over) pada paranoid, terlalu membanggakan intelek, penekanan pada fantasi (pada anak-anak) aspirasi intelektuil (mungkin disertai orandiosity), kurang masak dalam instropeksi atau fantasi, simptom-simptom pada kepala넿",0,1,0,0
30_3,[넱ormal넿,0,0,0,1
31_3,[넱ormal넿,0,0,0,1
32_3,"[네da kemungkinan gangguan organis (misalnya, orang sering sakit, kerusakan otak, kemunduran, tendensi hipokondriasis, intelegensi kurang, pikirannya melayang (over) pada paranoid, terlalu membanggakan intelek, penekanan pada fantasi (pada anak-anak) aspirasi intelektuil (mungkin disertai orandiosity), kurang masak dalam instropeksi atau fantasi, simptom-simptom pada kepala넿",0,1,0,0
33_3,[넶endensi aspirasi lebih besar dari pada kemampuan넿,0,0,1,0
34_3,"[네da kemungkinan gangguan organis (misalnya, orang sering sakit, kerusakan otak, kemunduran, tendensi hipokondriasis, intelegensi kurang, pikirannya melayang (over) pada paranoid, terlalu membanggakan intelek, penekanan pada fantasi (pada anak-anak) aspirasi intelektuil (mungkin disertai orandiosity), kurang masak dalam instropeksi atau fantasi, simptom-simptom pada kepala넿",0,1,0,0
35_3,"[넶endensi hambatan dalam hubungan sosial, neourotis넿",1,0,0,0
36_3,"[네da kemungkinan gangguan organis (misalnya, orang sering sakit, kerusakan otak, kemunduran, tendensi hipokondriasis, intelegensi kurang, pikirannya melayang (over) pada paranoid, terlalu membanggakan intelek, penekanan pada fantasi (pada anak-anak) aspirasi intelektuil (mungkin disertai orandiosity), kurang masak dalam instropeksi atau fantasi, simptom-simptom pada kepala넿",0,1,0,0
37_3,[넶endensi aspirasi lebih besar dari pada kemampuan넿,0,0,1,0
38_3,[넶endensi aspirasi lebih besar dari pada kemampuan넿,0,0,1,0
39_3,[넶endensi aspirasi lebih besar dari pada kemampuan넿,0,0,1,0
40_3,"[네da kemungkinan gangguan organis (misalnya, orang sering sakit, kerusakan otak, kemunduran, tendensi hipokondriasis, intelegensi kurang, pikirannya melayang (over) pada paranoid, terlalu membanggakan intelek, penekanan pada fantasi (pada anak-anak) aspirasi intelektuil (mungkin disertai orandiosity), kurang masak dalam instropeksi atau fantasi, simptom-simptom pada kepala넿",0,1,0,0
41_3,[넱ormal넿,0,0,0,1
42_3,[넱ormal넿,0,0,0,1
43_3,[넱ormal넿,0,0,0,1
44_3,"[넶endensi hambatan dalam hubungan sosial, neourotis넿",1,0,0,0
45_3,"[네da kemungkinan gangguan organis (misalnya, orang sering sakit, kerusakan otak, kemunduran, tendensi hipokondriasis, intelegensi kurang, pikirannya melayang (over) pada paranoid, terlalu membanggakan intelek, penekanan pada fantasi (pada anak-anak) aspirasi intelektuil (mungkin disertai orandiosity), kurang masak dalam instropeksi atau fantasi, simptom-simptom pada kepala넿",0,1,0,0
46_3,"[네da kemungkinan gangguan organis (misalnya, orang sering sakit, kerusakan otak, kemunduran, tendensi hipokondriasis, intelegensi kurang, pikirannya melayang (over) pada paranoid, terlalu membanggakan intelek, penekanan pada fantasi (pada anak-anak) aspirasi intelektuil (mungkin disertai orandiosity), kurang masak dalam instropeksi atau fantasi, simptom-simptom pada kepala넿",0,1,0,0
47_3,"[넶endensi hambatan dalam hubungan sosial, neourotis넿",1,0,0,0
48_3,"[넶endensi hambatan dalam hubungan sosial, neourotis넿",1,0,0,0
49_3,"[네da kemungkinan gangguan organis (misalnya, orang sering sakit, kerusakan otak, kemunduran, tendensi hipokondriasis, intelegensi kurang, pikirannya melayang (over) pada paranoid, terlalu membanggakan intelek, penekanan pada fantasi (pada anak-anak) aspirasi intelektuil (mungkin disertai orandiosity), kurang masak dalam instropeksi atau fantasi, simptom-simptom pada kepala넿",0,1,0,0
50_3,[넱ormal넿,0,0,0,1
51_3,[넱ormal넿,0,0,0,1
52_3,[넱ormal넿,0,0,0,1
53_3,[넱ormal넿,0,0,0,1
54_3,"[네da kemungkinan gangguan organis (misalnya, orang sering sakit, kerusakan otak, kemunduran, tendensi hipokondriasis, intelegensi kurang, pikirannya melayang (over) pada paranoid, terlalu membanggakan intelek, penekanan pada fantasi (pada anak-anak) aspirasi intelektuil (mungkin disertai orandiosity), kurang masak dalam instropeksi atau fantasi, simptom-simptom pada kepala넿",0,1,0,0
55_3,"[네da kemungkinan gangguan organis (misalnya, orang sering sakit, kerusakan otak, kemunduran, tendensi hipokondriasis, intelegensi kurang, pikirannya melayang (over) pada paranoid, terlalu membanggakan intelek, penekanan pada fantasi (pada anak-anak) aspirasi intelektuil (mungkin disertai orandiosity), kurang masak dalam instropeksi atau fantasi, simptom-simptom pada kepala넿",0,1,0,0
56_3,"[넶endensi hambatan dalam hubungan sosial, neourotis넿",1,0,0,0
57_3,[넱ormal넿,0,0,0,1
58_3,[넱ormal넿,0,0,0,1
59_3,"[넶endensi hambatan dalam hubungan sosial, neourotis넿",1,0,0,0
60_3,"[네da kemungkinan gangguan organis (misalnya, orang sering sakit, kerusakan otak, kemunduran, tendensi hipokondriasis, intelegensi kurang, pikirannya melayang (over) pada paranoid, terlalu membanggakan intelek, penekanan pada fantasi (pada anak-anak) aspirasi intelektuil (mungkin disertai orandiosity), kurang masak dalam instropeksi atau fantasi, simptom-simptom pada kepala넿",0,1,0,0
61_3,[넶endensi aspirasi lebih besar dari pada kemampuan넿,0,0,1,0
62_3,"[네da kemungkinan gangguan organis (misalnya, orang sering sakit, kerusakan otak, kemunduran, tendensi hipokondriasis, intelegensi kurang, pikirannya melayang (over) pada paranoid, terlalu membanggakan intelek, penekanan pada fantasi (pada anak-anak) aspirasi intelektuil (mungkin disertai orandiosity), kurang masak dalam instropeksi atau fantasi, simptom-simptom pada kepala넿",0,1,0,0
63_3,"[넶endensi hambatan dalam hubungan sosial, neourotis넿",1,0,0,0
64_3,[넱ormal넿,0,0,0,1
65_3,"[넶endensi hambatan dalam hubungan sosial, neourotis넿",1,0,0,0
66_3,"[넶endensi hambatan dalam hubungan sosial, neourotis넿",1,0,0,0
67_3,"[넶endensi hambatan dalam hubungan sosial, neourotis넿",1,0,0,0
68_3,[넶endensi aspirasi lebih besar dari pada kemampuan넿,0,0,1,0
69_3,"[넶endensi hambatan dalam hubungan sosial, neourotis넿",1,0,0,0
70_3,"[넶endensi hambatan dalam hubungan sosial, neourotis넿",1,0,0,0
71_3,[넶endensi aspirasi lebih besar dari pada kemampuan넿,0,0,1,0
72_3,"[넶endensi hambatan dalam hubungan sosial, neourotis넿",1,0,0,0
73_3,"[네da kemungkinan gangguan organis (misalnya, orang sering sakit, kerusakan otak, kemunduran, tendensi hipokondriasis, intelegensi kurang, pikirannya melayang (over) pada paranoid, terlalu membanggakan intelek, penekanan pada fantasi (pada anak-anak) aspirasi intelektuil (mungkin disertai orandiosity), kurang masak dalam instropeksi atau fantasi, simptom-simptom pada kepala넿",0,1,0,0
74_3,"[넶endensi hambatan dalam hubungan sosial, neourotis넿",1,0,0,0
75_3,"[넶endensi hambatan dalam hubungan sosial, neourotis넿",1,0,0,0
76_3,"[넶endensi hambatan dalam hubungan sosial, neourotis넿",1,0,0,0
77_3,"[네da kemungkinan gangguan organis (misalnya, orang sering sakit, kerusakan otak, kemunduran, tendensi hipokondriasis, intelegensi kurang, pikirannya melayang (over) pada paranoid, terlalu membanggakan intelek, penekanan pada fantasi (pada anak-anak) aspirasi intelektuil (mungkin disertai orandiosity), kurang masak dalam instropeksi atau fantasi, simptom-simptom pada kepala넿",0,1,0,0
78_3,"[네da kemungkinan gangguan organis (misalnya, orang sering sakit, kerusakan otak, kemunduran, tendensi hipokondriasis, intelegensi kurang, pikirannya melayang (over) pada paranoid, terlalu membanggakan intelek, penekanan pada fantasi (pada anak-anak) aspirasi intelektuil (mungkin disertai orandiosity), kurang masak dalam instropeksi atau fantasi, simptom-simptom pada kepala넿",0,1,0,0
79_3,"[넶endensi hambatan dalam hubungan sosial, neourotis넿",1,0,0,0
80_3,[넱ormal넿,0,0,0,1
81_3,[넱ormal넿,0,0,0,1
82_3,[넶endensi aspirasi lebih besar dari pada kemampuan넿,0,0,1,0
83_3,[넱ormal넿,0,0,0,1
84_3,"[네da kemungkinan gangguan organis (misalnya, orang sering sakit, kerusakan otak, kemunduran, tendensi hipokondriasis, intelegensi kurang, pikirannya melayang (over) pada paranoid, terlalu membanggakan intelek, penekanan pada fantasi (pada anak-anak) aspirasi intelektuil (mungkin disertai orandiosity), kurang masak dalam instropeksi atau fantasi, simptom-simptom pada kepala넿",0,1,0,0
85_3,"[넶endensi hambatan dalam hubungan sosial, neourotis넿",1,0,0,0
86_3,"[넶endensi hambatan dalam hubungan sosial, neourotis넿",1,0,0,0
87_3,[넱ormal넿,0,0,0,1
88_3,[넶endensi aspirasi lebih besar dari pada kemampuan넿,0,0,1,0
89_3,[넱ormal넿,0,0,0,1
90_3,[넱ormal넿,0,0,0,1
91_3,[넱ormal넿,0,0,0,1
92_3,[넱ormal넿,0,0,0,1
93_3,[넱ormal넿,0,0,0,1
94_3,"[네da kemungkinan gangguan organis (misalnya, orang sering sakit, kerusakan otak, kemunduran, tendensi hipokondriasis, intelegensi kurang, pikirannya melayang (over) pada paranoid, terlalu membanggakan intelek, penekanan pada fantasi (pada anak-anak) aspirasi intelektuil (mungkin disertai orandiosity), kurang masak dalam instropeksi atau fantasi, simptom-simptom pada kepala넿",0,1,0,0
95_3,[넱ormal넿,0,0,0,1
96_3,[넱ormal넿,0,0,0,1
97_3,"[넶endensi hambatan dalam hubungan sosial, neourotis넿",1,0,0,0
98_3,"[네da kemungkinan gangguan organis (misalnya, orang sering sakit, kerusakan otak, kemunduran, tendensi hipokondriasis, intelegensi kurang, pikirannya melayang (over) pada paranoid, terlalu membanggakan intelek, penekanan pada fantasi (pada anak-anak) aspirasi intelektuil (mungkin disertai orandiosity), kurang masak dalam instropeksi atau fantasi, simptom-simptom pada kepala넿",0,1,0,0
99_3,"[넶endensi hambatan dalam hubungan sosial, neourotis넿",1,0,0,0
100_3,"[네da kemungkinan gangguan organis (misalnya, orang sering sakit, kerusakan otak, kemunduran, tendensi hipokondriasis, intelegensi kurang, pikirannya melayang (over) pada paranoid, terlalu membanggakan intelek, penekanan pada fantasi (pada anak-anak) aspirasi intelektuil (mungkin disertai orandiosity), kurang masak dalam instropeksi atau fantasi, simptom-simptom pada kepala넿",0,1,0,0
101_3,[넶endensi aspirasi lebih besar dari pada kemampuan넿,0,0,1,0
102_3,"[넶endensi hambatan dalam hubungan sosial, neourotis넿",1,0,0,0
103_3,"[네da kemungkinan gangguan organis (misalnya, orang sering sakit, kerusakan otak, kemunduran, tendensi hipokondriasis, intelegensi kurang, pikirannya melayang (over) pada paranoid, terlalu membanggakan intelek, penekanan pada fantasi (pada anak-anak) aspirasi intelektuil (mungkin disertai orandiosity), kurang masak dalam instropeksi atau fantasi, simptom-simptom pada kepala넿",0,1,0,0
104_3,"[네da kemungkinan gangguan organis (misalnya, orang sering sakit, kerusakan otak, kemunduran, tendensi hipokondriasis, intelegensi kurang, pikirannya melayang (over) pada paranoid, terlalu membanggakan intelek, penekanan pada fantasi (pada anak-anak) aspirasi intelektuil (mungkin disertai orandiosity), kurang masak dalam instropeksi atau fantasi, simptom-simptom pada kepala넿",0,1,0,0
105_3,[넱ormal넿,0,0,0,1
106_3,"[네da kemungkinan gangguan organis (misalnya, orang sering sakit, kerusakan otak, kemunduran, tendensi hipokondriasis, intelegensi kurang, pikirannya melayang (over) pada paranoid, terlalu membanggakan intelek, penekanan pada fantasi (pada anak-anak) aspirasi intelektuil (mungkin disertai orandiosity), kurang masak dalam instropeksi atau fantasi, simptom-simptom pada kepala넿",0,1,0,0
107_3,[넶endensi aspirasi lebih besar dari pada kemampuan넿,0,0,1,0
108_3,"[네da kemungkinan gangguan organis (misalnya, orang sering sakit, kerusakan otak, kemunduran, tendensi hipokondriasis, intelegensi kurang, pikirannya melayang (over) pada paranoid, terlalu membanggakan intelek, penekanan pada fantasi (pada anak-anak) aspirasi intelektuil (mungkin disertai orandiosity), kurang masak dalam instropeksi atau fantasi, simptom-simptom pada kepala넿",0,1,0,0
109_3,[넱ormal넿,0,0,0,1
110_3,"[네da kemungkinan gangguan organis (misalnya, orang sering sakit, kerusakan otak, kemunduran, tendensi hipokondriasis, intelegensi kurang, pikirannya melayang (over) pada paranoid, terlalu membanggakan intelek, penekanan pada fantasi (pada anak-anak) aspirasi intelektuil (mungkin disertai orandiosity), kurang masak dalam instropeksi atau fantasi, simptom-simptom pada kepala넿",0,1,0,0
111_3,"[네da kemungkinan gangguan organis (misalnya, orang sering sakit, kerusakan otak, kemunduran, tendensi hipokondriasis, intelegensi kurang, pikirannya melayang (over) pada paranoid, terlalu membanggakan intelek, penekanan pada fantasi (pada anak-anak) aspirasi intelektuil (mungkin disertai orandiosity), kurang masak dalam instropeksi atau fantasi, simptom-simptom pada kepala넿",0,1,0,0
112_3,"[넶endensi hambatan dalam hubungan sosial, neourotis넿",0,0,0,0
113_3,[넶endensi aspirasi lebih besar dari pada kemampuan넿,0,0,1,0
114_3,"[네da kemungkinan gangguan organis (misalnya, orang sering sakit, kerusakan otak, kemunduran, tendensi hipokondriasis, intelegensi kurang, pikirannya melayang (over) pada paranoid, terlalu membanggakan intelek, penekanan pada fantasi (pada anak-anak) aspirasi intelektuil (mungkin disertai orandiosity), kurang masak dalam instropeksi atau fantasi, simptom-simptom pada kepala넿",0,1,0,0
115_3,"[네da kemungkinan gangguan organis (misalnya, orang sering sakit, kerusakan otak, kemunduran, tendensi hipokondriasis, intelegensi kurang, pikirannya melayang (over) pada paranoid, terlalu membanggakan intelek, penekanan pada fantasi (pada anak-anak) aspirasi intelektuil (mungkin disertai orandiosity), kurang masak dalam instropeksi atau fantasi, simptom-simptom pada kepala넿",0,1,0,0
116_3,[넱ormal넿,0,0,0,1
117_3,[넶endensi aspirasi lebih besar dari pada kemampuan넿,0,0,1,0
118_3,[넱ormal넿,0,0,0,1
119_3,"[네da kemungkinan gangguan organis (misalnya, orang sering sakit, kerusakan otak, kemunduran, tendensi hipokondriasis, intelegensi kurang, pikirannya melayang (over) pada paranoid, terlalu membanggakan intelek, penekanan pada fantasi (pada anak-anak) aspirasi intelektuil (mungkin disertai orandiosity), kurang masak dalam instropeksi atau fantasi, simptom-simptom pada kepala넿",0,1,0,0
120_3,"[네da kemungkinan gangguan organis (misalnya, orang sering sakit, kerusakan otak, kemunduran, tendensi hipokondriasis, intelegensi kurang, pikirannya melayang (over) pada paranoid, terlalu membanggakan intelek, penekanan pada fantasi (pada anak-anak) aspirasi intelektuil (mungkin disertai orandiosity), kurang masak dalam instropeksi atau fantasi, simptom-simptom pada kepala넿",0,1,0,0
121_3,"[넶endensi hambatan dalam hubungan sosial, neourotis넿",1,0,0,0
122_3,[넶endensi aspirasi lebih besar dari pada kemampuan넿,0,0,1,0
123_3,"[네da kemungkinan gangguan organis (misalnya, orang sering sakit, kerusakan otak, kemunduran, tendensi hipokondriasis, intelegensi kurang, pikirannya melayang (over) pada paranoid, terlalu membanggakan intelek, penekanan pada fantasi (pada anak-anak) aspirasi intelektuil (mungkin disertai orandiosity), kurang masak dalam instropeksi atau fantasi, simptom-simptom pada kepala넿",0,1,0,0
124_3,[넱ormal넿,0,0,0,1
125_3,"[네da kemungkinan gangguan organis (misalnya, orang sering sakit, kerusakan otak, kemunduran, tendensi hipokondriasis, intelegensi kurang, pikirannya melayang (over) pada paranoid, terlalu membanggakan intelek, penekanan pada fantasi (pada anak-anak) aspirasi intelektuil (mungkin disertai orandiosity), kurang masak dalam instropeksi atau fantasi, simptom-simptom pada kepala넿",0,1,0,0
126_3,[넶endensi aspirasi lebih besar dari pada kemampuan넿,0,0,1,0
127_3,"[넶endensi hambatan dalam hubungan sosial, neourotis넿",1,0,0,0
128_3,"[네da kemungkinan gangguan organis (misalnya, orang sering sakit, kerusakan otak, kemunduran, tendensi hipokondriasis, intelegensi kurang, pikirannya melayang (over) pada paranoid, terlalu membanggakan intelek, penekanan pada fantasi (pada anak-anak) aspirasi intelektuil (mungkin disertai orandiosity), kurang masak dalam instropeksi atau fantasi, simptom-simptom pada kepala넿",0,1,0,0
129_3,[넱ormal넿,0,0,0,1
130_3,[넱ormal넿,0,0,0,1
131_3,"[네da kemungkinan gangguan organis (misalnya, orang sering sakit, kerusakan otak, kemunduran, tendensi hipokondriasis, intelegensi kurang, pikirannya melayang (over) pada paranoid, terlalu membanggakan intelek, penekanan pada fantasi (pada anak-anak) aspirasi intelektuil (mungkin disertai orandiosity), kurang masak dalam instropeksi atau fantasi, simptom-simptom pada kepala넿",0,1,0,0
132_3,[넶endensi aspirasi lebih besar dari pada kemampuan넿,0,0,1,0
133_3,[넱ormal넿,0,0,0,1
134_3,[넱ormal넿,0,0,0,1
135_3,"[네da kemungkinan gangguan organis (misalnya, orang sering sakit, kerusakan otak, kemunduran, tendensi hipokondriasis, intelegensi kurang, pikirannya melayang (over) pada paranoid, terlalu membanggakan intelek, penekanan pada fantasi (pada anak-anak) aspirasi intelektuil (mungkin disertai orandiosity), kurang masak dalam instropeksi atau fantasi, simptom-simptom pada kepala넿",0,1,0,0
136_3,[넱ormal넿,0,0,0,1
137_3,[넱ormal넿,0,0,0,1
138_3,"[네da kemungkinan gangguan organis (misalnya, orang sering sakit, kerusakan otak, kemunduran, tendensi hipokondriasis, intelegensi kurang, pikirannya melayang (over) pada paranoid, terlalu membanggakan intelek, penekanan pada fantasi (pada anak-anak) aspirasi intelektuil (mungkin disertai orandiosity), kurang masak dalam instropeksi atau fantasi, simptom-simptom pada kepala넿",0,1,0,0
139_3,[넱ormal넿,0,0,0,1
140_3,[넶endensi aspirasi lebih besar dari pada kemampuan넿,0,0,1,0
141_3,"[넶endensi hambatan dalam hubungan sosial, neourotis넿",1,0,0,0
142_3,"[네da kemungkinan gangguan organis (misalnya, orang sering sakit, kerusakan otak, kemunduran, tendensi hipokondriasis, intelegensi kurang, pikirannya melayang (over) pada paranoid, terlalu membanggakan intelek, penekanan pada fantasi (pada anak-anak) aspirasi intelektuil (mungkin disertai orandiosity), kurang masak dalam instropeksi atau fantasi, simptom-simptom pada kepala넿",0,1,0,0
143_3,[넶endensi aspirasi lebih besar dari pada kemampuan넿,0,0,1,0
144_3,"[넶endensi hambatan dalam hubungan sosial, neourotis넿",1,0,0,0
145_3,"[네da kemungkinan gangguan organis (misalnya, orang sering sakit, kerusakan otak, kemunduran, tendensi hipokondriasis, intelegensi kurang, pikirannya melayang (over) pada paranoid, terlalu membanggakan intelek, penekanan pada fantasi (pada anak-anak) aspirasi intelektuil (mungkin disertai orandiosity), kurang masak dalam instropeksi atau fantasi, simptom-simptom pada kepala넿",0,1,0,0
146_3,"[넶endensi hambatan dalam hubungan sosial, neourotis넿",1,0,0,0
147_3,"[넶endensi hambatan dalam hubungan sosial, neourotis넿",1,0,0,0
148_3,"[네da kemungkinan gangguan organis (misalnya, orang sering sakit, kerusakan otak, kemunduran, tendensi hipokondriasis, intelegensi kurang, pikirannya melayang (over) pada paranoid, terlalu membanggakan intelek, penekanan pada fantasi (pada anak-anak) aspirasi intelektuil (mungkin disertai orandiosity), kurang masak dalam instropeksi atau fantasi, simptom-simptom pada kepala넿",0,1,0,0
149_3,"[네da kemungkinan gangguan organis (misalnya, orang sering sakit, kerusakan otak, kemunduran, tendensi hipokondriasis, intelegensi kurang, pikirannya melayang (over) pada paranoid, terlalu membanggakan intelek, penekanan pada fantasi (pada anak-anak) aspirasi intelektuil (mungkin disertai orandiosity), kurang masak dalam instropeksi atau fantasi, simptom-simptom pada kepala넿",0,1,0,0
150_3,"[넶endensi hambatan dalam hubungan sosial, neourotis넿",1,0,0,0
151_3,"[네da kemungkinan gangguan organis (misalnya, orang sering sakit, kerusakan otak, kemunduran, tendensi hipokondriasis, intelegensi kurang, pikirannya melayang (over) pada paranoid, terlalu membanggakan intelek, penekanan pada fantasi (pada anak-anak) aspirasi intelektuil (mungkin disertai orandiosity), kurang masak dalam instropeksi atau fantasi, simptom-simptom pada kepala넿",0,1,0,0
152_3,"[네da kemungkinan gangguan organis (misalnya, orang sering sakit, kerusakan otak, kemunduran, tendensi hipokondriasis, intelegensi kurang, pikirannya melayang (over) pada paranoid, terlalu membanggakan intelek, penekanan pada fantasi (pada anak-anak) aspirasi intelektuil (mungkin disertai orandiosity), kurang masak dalam instropeksi atau fantasi, simptom-simptom pada kepala넿",0,1,0,0
153_3,"[네da kemungkinan gangguan organis (misalnya, orang sering sakit, kerusakan otak, kemunduran, tendensi hipokondriasis, intelegensi kurang, pikirannya melayang (over) pada paranoid, terlalu membanggakan intelek, penekanan pada fantasi (pada anak-anak) aspirasi intelektuil (mungkin disertai orandiosity), kurang masak dalam instropeksi atau fantasi, simptom-simptom pada kepala넿",0,1,0,0
154_3,"[네da kemungkinan gangguan organis (misalnya, orang sering sakit, kerusakan otak, kemunduran, tendensi hipokondriasis, intelegensi kurang, pikirannya melayang (over) pada paranoid, terlalu membanggakan intelek, penekanan pada fantasi (pada anak-anak) aspirasi intelektuil (mungkin disertai orandiosity), kurang masak dalam instropeksi atau fantasi, simptom-simptom pada kepala넿",0,1,0,0
155_3,"[네da kemungkinan gangguan organis (misalnya, orang sering sakit, kerusakan otak, kemunduran, tendensi hipokondriasis, intelegensi kurang, pikirannya melayang (over) pada paranoid, terlalu membanggakan intelek, penekanan pada fantasi (pada anak-anak) aspirasi intelektuil (mungkin disertai orandiosity), kurang masak dalam instropeksi atau fantasi, simptom-simptom pada kepala넿",0,1,0,0
156_3,"[네da kemungkinan gangguan organis (misalnya, orang sering sakit, kerusakan otak, kemunduran, tendensi hipokondriasis, intelegensi kurang, pikirannya melayang (over) pada paranoid, terlalu membanggakan intelek, penekanan pada fantasi (pada anak-anak) aspirasi intelektuil (mungkin disertai orandiosity), kurang masak dalam instropeksi atau fantasi, simptom-simptom pada kepala넿",0,1,0,0
157_3,"[네da kemungkinan gangguan organis (misalnya, orang sering sakit, kerusakan otak, kemunduran, tendensi hipokondriasis, intelegensi kurang, pikirannya melayang (over) pada paranoid, terlalu membanggakan intelek, penekanan pada fantasi (pada anak-anak) aspirasi intelektuil (mungkin disertai orandiosity), kurang masak dalam instropeksi atau fantasi, simptom-simptom pada kepala넿",0,1,0,0
158_3,"[네da kemungkinan gangguan organis (misalnya, orang sering sakit, kerusakan otak, kemunduran, tendensi hipokondriasis, intelegensi kurang, pikirannya melayang (over) pada paranoid, terlalu membanggakan intelek, penekanan pada fantasi (pada anak-anak) aspirasi intelektuil (mungkin disertai orandiosity), kurang masak dalam instropeksi atau fantasi, simptom-simptom pada kepala넿",0,1,0,0
159_3,[넱ormal넿,0,0,0,1
160_3,[넱ormal넿,0,0,0,1
161_3,"[네da kemungkinan gangguan organis (misalnya, orang sering sakit, kerusakan otak, kemunduran, tendensi hipokondriasis, intelegensi kurang, pikirannya melayang (over) pada paranoid, terlalu membanggakan intelek, penekanan pada fantasi (pada anak-anak) aspirasi intelektuil (mungkin disertai orandiosity), kurang masak dalam instropeksi atau fantasi, simptom-simptom pada kepala넿",0,1,0,0
162_3,[넱ormal넿,0,0,0,1
163_3,"[넶endensi hambatan dalam hubungan sosial, neourotis넿",1,0,0,0
164_3,"[네da kemungkinan gangguan organis (misalnya, orang sering sakit, kerusakan otak, kemunduran, tendensi hipokondriasis, intelegensi kurang, pikirannya melayang (over) pada paranoid, terlalu membanggakan intelek, penekanan pada fantasi (pada anak-anak) aspirasi intelektuil (mungkin disertai orandiosity), kurang masak dalam instropeksi atau fantasi, simptom-simptom pada kepala넿",0,1,0,0
165_3,"[네da kemungkinan gangguan organis (misalnya, orang sering sakit, kerusakan otak, kemunduran, tendensi hipokondriasis, intelegensi kurang, pikirannya melayang (over) pada paranoid, terlalu membanggakan intelek, penekanan pada fantasi (pada anak-anak) aspirasi intelektuil (mungkin disertai orandiosity), kurang masak dalam instropeksi atau fantasi, simptom-simptom pada kepala넿",0,1,0,0
166_3,[넱ormal넿,0,0,0,1
167_3,"[네da kemungkinan gangguan organis (misalnya, orang sering sakit, kerusakan otak, kemunduran, tendensi hipokondriasis, intelegensi kurang, pikirannya melayang (over) pada paranoid, terlalu membanggakan intelek, penekanan pada fantasi (pada anak-anak) aspirasi intelektuil (mungkin disertai orandiosity), kurang masak dalam instropeksi atau fantasi, simptom-simptom pada kepala넿",0,1,0,0
168_3,"[네da kemungkinan gangguan organis (misalnya, orang sering sakit, kerusakan otak, kemunduran, tendensi hipokondriasis, intelegensi kurang, pikirannya melayang (over) pada paranoid, terlalu membanggakan intelek, penekanan pada fantasi (pada anak-anak) aspirasi intelektuil (mungkin disertai orandiosity), kurang masak dalam instropeksi atau fantasi, simptom-simptom pada kepala넿",0,1,0,0
169_3,[넱ormal넿,0,0,0,1
170_3,[넶endensi aspirasi lebih besar dari pada kemampuan넿,0,0,1,0
171_3,"[넶endensi hambatan dalam hubungan sosial, neourotis넿",1,0,0,0
172_3,"[네da kemungkinan gangguan organis (misalnya, orang sering sakit, kerusakan otak, kemunduran, tendensi hipokondriasis, intelegensi kurang, pikirannya melayang (over) pada paranoid, terlalu membanggakan intelek, penekanan pada fantasi (pada anak-anak) aspirasi intelektuil (mungkin disertai orandiosity), kurang masak dalam instropeksi atau fantasi, simptom-simptom pada kepala넿",0,1,0,0
173_3,[넱ormal넿,0,0,0,1
174_3,"[넶endensi hambatan dalam hubungan sosial, neourotis넿",1,0,0,0
175_3,"[네da kemungkinan gangguan organis (misalnya, orang sering sakit, kerusakan otak, kemunduran, tendensi hipokondriasis, intelegensi kurang, pikirannya melayang (over) pada paranoid, terlalu membanggakan intelek, penekanan pada fantasi (pada anak-anak) aspirasi intelektuil (mungkin disertai orandiosity), kurang masak dalam instropeksi atau fantasi, simptom-simptom pada kepala넿",0,1,0,0
176_3,[넶endensi aspirasi lebih besar dari pada kemampuan넿,0,0,1,0
177_3,"[넶endensi hambatan dalam hubungan sosial, neourotis넿",1,0,0,0
178_3,"[넶endensi hambatan dalam hubungan sosial, neourotis넿",1,0,0,0
179_3,[넶endensi aspirasi lebih besar dari pada kemampuan넿,0,0,1,0
180_3,[넱ormal넿,0,0,0,1
181_3,"[네da kemungkinan gangguan organis (misalnya, orang sering sakit, kerusakan otak, kemunduran, tendensi hipokondriasis, intelegensi kurang, pikirannya melayang (over) pada paranoid, terlalu membanggakan intelek, penekanan pada fantasi (pada anak-anak) aspirasi intelektuil (mungkin disertai orandiosity), kurang masak dalam instropeksi atau fantasi, simptom-simptom pada kepala넿",0,1,0,0
182_3,"[넶endensi hambatan dalam hubungan sosial, neourotis넿",1,0,0,0
183_3,[넱ormal넿,0,0,0,1
184_3,[넶endensi aspirasi lebih besar dari pada kemampuan넿,0,0,1,0
185_3,[넱ormal넿,0,0,0,1
186_3,"[네da kemungkinan gangguan organis (misalnya, orang sering sakit, kerusakan otak, kemunduran, tendensi hipokondriasis, intelegensi kurang, pikirannya melayang (over) pada paranoid, terlalu membanggakan intelek, penekanan pada fantasi (pada anak-anak) aspirasi intelektuil (mungkin disertai orandiosity), kurang masak dalam instropeksi atau fantasi, simptom-simptom pada kepala넿",0,1,0,0
187_3,[넱ormal넿,0,0,0,1
188_3,[넱ormal넿,0,0,0,1
189_3,"[네da kemungkinan gangguan organis (misalnya, orang sering sakit, kerusakan otak, kemunduran, tendensi hipokondriasis, intelegensi kurang, pikirannya melayang (over) pada paranoid, terlalu membanggakan intelek, penekanan pada fantasi (pada anak-anak) aspirasi intelektuil (mungkin disertai orandiosity), kurang masak dalam instropeksi atau fantasi, simptom-simptom pada kepala넿",0,1,0,0
190_3,"[넶endensi hambatan dalam hubungan sosial, neourotis넿",1,0,0,0
191_3,"[넶endensi hambatan dalam hubungan sosial, neourotis넿",1,0,0,0
192_3,[넱ormal넿,0,0,0,1
193_3,"[넶endensi hambatan dalam hubungan sosial, neourotis넿",1,0,0,0
194_3,"[네da kemungkinan gangguan organis (misalnya, orang sering sakit, kerusakan otak, kemunduran, tendensi hipokondriasis, intelegensi kurang, pikirannya melayang (over) pada paranoid, terlalu membanggakan intelek, penekanan pada fantasi (pada anak-anak) aspirasi intelektuil (mungkin disertai orandiosity), kurang masak dalam instropeksi atau fantasi, simptom-simptom pada kepala넿",0,1,0,0
195_3,[넱ormal넿,0,0,0,1
196_3,"[네da kemungkinan gangguan organis (misalnya, orang sering sakit, kerusakan otak, kemunduran, tendensi hipokondriasis, intelegensi kurang, pikirannya melayang (over) pada paranoid, terlalu membanggakan intelek, penekanan pada fantasi (pada anak-anak) aspirasi intelektuil (mungkin disertai orandiosity), kurang masak dalam instropeksi atau fantasi, simptom-simptom pada kepala넿",0,1,0,0
197_3,[넶endensi aspirasi lebih besar dari pada kemampuan넿,0,0,1,0
198_3,"[넶endensi hambatan dalam hubungan sosial, neourotis넿",1,0,0,0
199_3,"[네da kemungkinan gangguan organis (misalnya, orang sering sakit, kerusakan otak, kemunduran, tendensi hipokondriasis, intelegensi kurang, pikirannya melayang (over) pada paranoid, terlalu membanggakan intelek, penekanan pada fantasi (pada anak-anak) aspirasi intelektuil (mungkin disertai orandiosity), kurang masak dalam instropeksi atau fantasi, simptom-simptom pada kepala넿",0,1,0,0
200_3,"[넶endensi hambatan dalam hubungan sosial, neourotis넿",1,0,0,0
201_3,"[넶endensi hambatan dalam hubungan sosial, neourotis넿",1,0,0,0
202_3,"[네da kemungkinan gangguan organis (misalnya, orang sering sakit, kerusakan otak, kemunduran, tendensi hipokondriasis, intelegensi kurang, pikirannya melayang (over) pada paranoid, terlalu membanggakan intelek, penekanan pada fantasi (pada anak-anak) aspirasi intelektuil (mungkin disertai orandiosity), kurang masak dalam instropeksi atau fantasi, simptom-simptom pada kepala넿",0,1,0,0
203_3,"[네da kemungkinan gangguan organis (misalnya, orang sering sakit, kerusakan otak, kemunduran, tendensi hipokondriasis, intelegensi kurang, pikirannya melayang (over) pada paranoid, terlalu membanggakan intelek, penekanan pada fantasi (pada anak-anak) aspirasi intelektuil (mungkin disertai orandiosity), kurang masak dalam instropeksi atau fantasi, simptom-simptom pada kepala넿",0,1,0,0
204_3,"[네da kemungkinan gangguan organis (misalnya, orang sering sakit, kerusakan otak, kemunduran, tendensi hipokondriasis, intelegensi kurang, pikirannya melayang (over) pada paranoid, terlalu membanggakan intelek, penekanan pada fantasi (pada anak-anak) aspirasi intelektuil (mungkin disertai orandiosity), kurang masak dalam instropeksi atau fantasi, simptom-simptom pada kepala넿",0,1,0,0
205_3,"[네da kemungkinan gangguan organis (misalnya, orang sering sakit, kerusakan otak, kemunduran, tendensi hipokondriasis, intelegensi kurang, pikirannya melayang (over) pada paranoid, terlalu membanggakan intelek, penekanan pada fantasi (pada anak-anak) aspirasi intelektuil (mungkin disertai orandiosity), kurang masak dalam instropeksi atau fantasi, simptom-simptom pada kepala넿",0,1,0,0
206_3,"[네da kemungkinan gangguan organis (misalnya, orang sering sakit, kerusakan otak, kemunduran, tendensi hipokondriasis, intelegensi kurang, pikirannya melayang (over) pada paranoid, terlalu membanggakan intelek, penekanan pada fantasi (pada anak-anak) aspirasi intelektuil (mungkin disertai orandiosity), kurang masak dalam instropeksi atau fantasi, simptom-simptom pada kepala넿",0,1,0,0
207_3,"[네da kemungkinan gangguan organis (misalnya, orang sering sakit, kerusakan otak, kemunduran, tendensi hipokondriasis, intelegensi kurang, pikirannya melayang (over) pada paranoid, terlalu membanggakan intelek, penekanan pada fantasi (pada anak-anak) aspirasi intelektuil (mungkin disertai orandiosity), kurang masak dalam instropeksi atau fantasi, simptom-simptom pada kepala넿",0,1,0,0
208_3,[넱ormal넿,0,0,0,1
209_3,"[네da kemungkinan gangguan organis (misalnya, orang sering sakit, kerusakan otak, kemunduran, tendensi hipokondriasis, intelegensi kurang, pikirannya melayang (over) pada paranoid, terlalu membanggakan intelek, penekanan pada fantasi (pada anak-anak) aspirasi intelektuil (mungkin disertai orandiosity), kurang masak dalam instropeksi atau fantasi, simptom-simptom pada kepala넿",0,1,0,0
210_3,[넱ormal넿,0,0,0,1
211_3,"[네da kemungkinan gangguan organis (misalnya, orang sering sakit, kerusakan otak, kemunduran, tendensi hipokondriasis, intelegensi kurang, pikirannya melayang (over) pada paranoid, terlalu membanggakan intelek, penekanan pada fantasi (pada anak-anak) aspirasi intelektuil (mungkin disertai orandiosity), kurang masak dalam instropeksi atau fantasi, simptom-simptom pada kepala넿",0,1,0,0
212_3,"[네da kemungkinan gangguan organis (misalnya, orang sering sakit, kerusakan otak, kemunduran, tendensi hipokondriasis, intelegensi kurang, pikirannya melayang (over) pada paranoid, terlalu membanggakan intelek, penekanan pada fantasi (pada anak-anak) aspirasi intelektuil (mungkin disertai orandiosity), kurang masak dalam instropeksi atau fantasi, simptom-simptom pada kepala넿",0,1,0,0
213_3,"[넶endensi hambatan dalam hubungan sosial, neourotis넿",1,0,0,0
214_3,"[네da kemungkinan gangguan organis (misalnya, orang sering sakit, kerusakan otak, kemunduran, tendensi hipokondriasis, intelegensi kurang, pikirannya melayang (over) pada paranoid, terlalu membanggakan intelek, penekanan pada fantasi (pada anak-anak) aspirasi intelektuil (mungkin disertai orandiosity), kurang masak dalam instropeksi atau fantasi, simptom-simptom pada kepala넿",0,1,0,0
215_3,"[네da kemungkinan gangguan organis (misalnya, orang sering sakit, kerusakan otak, kemunduran, tendensi hipokondriasis, intelegensi kurang, pikirannya melayang (over) pada paranoid, terlalu membanggakan intelek, penekanan pada fantasi (pada anak-anak) aspirasi intelektuil (mungkin disertai orandiosity), kurang masak dalam instropeksi atau fantasi, simptom-simptom pada kepala넿",0,1,0,0
216_3,"[넶endensi hambatan dalam hubungan sosial, neourotis넿",1,0,0,0
217_3,"[네da kemungkinan gangguan organis (misalnya, orang sering sakit, kerusakan otak, kemunduran, tendensi hipokondriasis, intelegensi kurang, pikirannya melayang (over) pada paranoid, terlalu membanggakan intelek, penekanan pada fantasi (pada anak-anak) aspirasi intelektuil (mungkin disertai orandiosity), kurang masak dalam instropeksi atau fantasi, simptom-simptom pada kepala넿",0,1,0,0
218_3,[넱ormal넿,0,0,0,1
219_3,[넶endensi aspirasi lebih besar dari pada kemampuan넿,0,0,1,0
220_3,"[네da kemungkinan gangguan organis (misalnya, orang sering sakit, kerusakan otak, kemunduran, tendensi hipokondriasis, intelegensi kurang, pikirannya melayang (over) pada paranoid, terlalu membanggakan intelek, penekanan pada fantasi (pada anak-anak) aspirasi intelektuil (mungkin disertai orandiosity), kurang masak dalam instropeksi atau fantasi, simptom-simptom pada kepala넿",0,1,0,0
221_3,[넶endensi aspirasi lebih besar dari pada kemampuan넿,0,0,1,0
222_3,"[네da kemungkinan gangguan organis (misalnya, orang sering sakit, kerusakan otak, kemunduran, tendensi hipokondriasis, intelegensi kurang, pikirannya melayang (over) pada paranoid, terlalu membanggakan intelek, penekanan pada fantasi (pada anak-anak) aspirasi intelektuil (mungkin disertai orandiosity), kurang masak dalam instropeksi atau fantasi, simptom-simptom pada kepala넿",0,1,0,0
223_3,[넶endensi aspirasi lebih besar dari pada kemampuan넿,0,0,1,0
224_3,"[넶endensi hambatan dalam hubungan sosial, neourotis넿",1,0,0,0
225_3,"[넶endensi hambatan dalam hubungan sosial, neourotis넿",1,0,0,0
226_3,"[네da kemungkinan gangguan organis (misalnya, orang sering sakit, kerusakan otak, kemunduran, tendensi hipokondriasis, intelegensi kurang, pikirannya melayang (over) pada paranoid, terlalu membanggakan intelek, penekanan pada fantasi (pada anak-anak) aspirasi intelektuil (mungkin disertai orandiosity), kurang masak dalam instropeksi atau fantasi, simptom-simptom pada kepala넿",0,1,0,0
227_3,"[넶endensi hambatan dalam hubungan sosial, neourotis넿",1,0,0,0
228_3,"[네da kemungkinan gangguan organis (misalnya, orang sering sakit, kerusakan otak, kemunduran, tendensi hipokondriasis, intelegensi kurang, pikirannya melayang (over) pada paranoid, terlalu membanggakan intelek, penekanan pada fantasi (pada anak-anak) aspirasi intelektuil (mungkin disertai orandiosity), kurang masak dalam instropeksi atau fantasi, simptom-simptom pada kepala넿",0,1,0,0
229_3,"[네da kemungkinan gangguan organis (misalnya, orang sering sakit, kerusakan otak, kemunduran, tendensi hipokondriasis, intelegensi kurang, pikirannya melayang (over) pada paranoid, terlalu membanggakan intelek, penekanan pada fantasi (pada anak-anak) aspirasi intelektuil (mungkin disertai orandiosity), kurang masak dalam instropeksi atau fantasi, simptom-simptom pada kepala넿",0,1,0,0
230_3,"[네da kemungkinan gangguan organis (misalnya, orang sering sakit, kerusakan otak, kemunduran, tendensi hipokondriasis, intelegensi kurang, pikirannya melayang (over) pada paranoid, terlalu membanggakan intelek, penekanan pada fantasi (pada anak-anak) aspirasi intelektuil (mungkin disertai orandiosity), kurang masak dalam instropeksi atau fantasi, simptom-simptom pada kepala넿",0,1,0,0
231_3,"[네da kemungkinan gangguan organis (misalnya, orang sering sakit, kerusakan otak, kemunduran, tendensi hipokondriasis, intelegensi kurang, pikirannya melayang (over) pada paranoid, terlalu membanggakan intelek, penekanan pada fantasi (pada anak-anak) aspirasi intelektuil (mungkin disertai orandiosity), kurang masak dalam instropeksi atau fantasi, simptom-simptom pada kepala넿",0,1,0,0
232_3,"[네da kemungkinan gangguan organis (misalnya, orang sering sakit, kerusakan otak, kemunduran, tendensi hipokondriasis, intelegensi kurang, pikirannya melayang (over) pada paranoid, terlalu membanggakan intelek, penekanan pada fantasi (pada anak-anak) aspirasi intelektuil (mungkin disertai orandiosity), kurang masak dalam instropeksi atau fantasi, simptom-simptom pada kepala넿",0,1,0,0
233_3,[넶endensi aspirasi lebih besar dari pada kemampuan넿,0,0,1,0
234_3,"[네da kemungkinan gangguan organis (misalnya, orang sering sakit, kerusakan otak, kemunduran, tendensi hipokondriasis, intelegensi kurang, pikirannya melayang (over) pada paranoid, terlalu membanggakan intelek, penekanan pada fantasi (pada anak-anak) aspirasi intelektuil (mungkin disertai orandiosity), kurang masak dalam instropeksi atau fantasi, simptom-simptom pada kepala넿",0,1,0,0
235_3,[넱ormal넿,0,0,0,1
236_3,"[네da kemungkinan gangguan organis (misalnya, orang sering sakit, kerusakan otak, kemunduran, tendensi hipokondriasis, intelegensi kurang, pikirannya melayang (over) pada paranoid, terlalu membanggakan intelek, penekanan pada fantasi (pada anak-anak) aspirasi intelektuil (mungkin disertai orandiosity), kurang masak dalam instropeksi atau fantasi, simptom-simptom pada kepala넿",0,1,0,0
237_3,"[네da kemungkinan gangguan organis (misalnya, orang sering sakit, kerusakan otak, kemunduran, tendensi hipokondriasis, intelegensi kurang, pikirannya melayang (over) pada paranoid, terlalu membanggakan intelek, penekanan pada fantasi (pada anak-anak) aspirasi intelektuil (mungkin disertai orandiosity), kurang masak dalam instropeksi atau fantasi, simptom-simptom pada kepala넿",0,1,0,0
238_3,[넱ormal넿,0,0,0,1
239_3,[넱ormal넿,0,0,0,1
240_3,[넶endensi aspirasi lebih besar dari pada kemampuan넿,0,0,1,0
241_3,"[네da kemungkinan gangguan organis (misalnya, orang sering sakit, kerusakan otak, kemunduran, tendensi hipokondriasis, intelegensi kurang, pikirannya melayang (over) pada paranoid, terlalu membanggakan intelek, penekanan pada fantasi (pada anak-anak) aspirasi intelektuil (mungkin disertai orandiosity), kurang masak dalam instropeksi atau fantasi, simptom-simptom pada kepala넿",0,1,0,0
242_3,"[네da kemungkinan gangguan organis (misalnya, orang sering sakit, kerusakan otak, kemunduran, tendensi hipokondriasis, intelegensi kurang, pikirannya melayang (over) pada paranoid, terlalu membanggakan intelek, penekanan pada fantasi (pada anak-anak) aspirasi intelektuil (mungkin disertai orandiosity), kurang masak dalam instropeksi atau fantasi, simptom-simptom pada kepala넿",0,1,0,0
243_3,"[넶endensi hambatan dalam hubungan sosial, neourotis넿",1,0,0,0
244_3,"[넶endensi hambatan dalam hubungan sosial, neourotis넿",1,0,0,0
245_3,[넶endensi aspirasi lebih besar dari pada kemampuan넿,0,0,1,0
246_3,"[네da kemungkinan gangguan organis (misalnya, orang sering sakit, kerusakan otak, kemunduran, tendensi hipokondriasis, intelegensi kurang, pikirannya melayang (over) pada paranoid, terlalu membanggakan intelek, penekanan pada fantasi (pada anak-anak) aspirasi intelektuil (mungkin disertai orandiosity), kurang masak dalam instropeksi atau fantasi, simptom-simptom pada kepala넿",0,1,0,0
247_3,[넶endensi aspirasi lebih besar dari pada kemampuan넿,0,0,1,0
248_3,[넶endensi aspirasi lebih besar dari pada kemampuan넿,0,0,1,0
249_3,"[넶endensi hambatan dalam hubungan sosial, neourotis넿",1,0,0,0
250_3,"[넶endensi hambatan dalam hubungan sosial, neourotis넿",1,0,0,0
251_3,[넱ormal넿,0,0,0,1
252_3,"[네da kemungkinan gangguan organis (misalnya, orang sering sakit, kerusakan otak, kemunduran, tendensi hipokondriasis, intelegensi kurang, pikirannya melayang (over) pada paranoid, terlalu membanggakan intelek, penekanan pada fantasi (pada anak-anak) aspirasi intelektuil (mungkin disertai orandiosity), kurang masak dalam instropeksi atau fantasi, simptom-simptom pada kepala넿",0,1,0,0
253_3,[넶endensi aspirasi lebih besar dari pada kemampuan넿,0,0,1,0
254_3,"[넶endensi hambatan dalam hubungan sosial, neourotis넿",1,0,0,0
255_3,"[네da kemungkinan gangguan organis (misalnya, orang sering sakit, kerusakan otak, kemunduran, tendensi hipokondriasis, intelegensi kurang, pikirannya melayang (over) pada paranoid, terlalu membanggakan intelek, penekanan pada fantasi (pada anak-anak) aspirasi intelektuil (mungkin disertai orandiosity), kurang masak dalam instropeksi atau fantasi, simptom-simptom pada kepala넿",0,1,0,0
256_3,"[네da kemungkinan gangguan organis (misalnya, orang sering sakit, kerusakan otak, kemunduran, tendensi hipokondriasis, intelegensi kurang, pikirannya melayang (over) pada paranoid, terlalu membanggakan intelek, penekanan pada fantasi (pada anak-anak) aspirasi intelektuil (mungkin disertai orandiosity), kurang masak dalam instropeksi atau fantasi, simptom-simptom pada kepala넿",0,1,0,0
257_3,"[네da kemungkinan gangguan organis (misalnya, orang sering sakit, kerusakan otak, kemunduran, tendensi hipokondriasis, intelegensi kurang, pikirannya melayang (over) pada paranoid, terlalu membanggakan intelek, penekanan pada fantasi (pada anak-anak) aspirasi intelektuil (mungkin disertai orandiosity), kurang masak dalam instropeksi atau fantasi, simptom-simptom pada kepala넿",0,1,0,0
258_3,"[네da kemungkinan gangguan organis (misalnya, orang sering sakit, kerusakan otak, kemunduran, tendensi hipokondriasis, intelegensi kurang, pikirannya melayang (over) pada paranoid, terlalu membanggakan intelek, penekanan pada fantasi (pada anak-anak) aspirasi intelektuil (mungkin disertai orandiosity), kurang masak dalam instropeksi atau fantasi, simptom-simptom pada kepala넿",0,1,0,0
259_3,"[네da kemungkinan gangguan organis (misalnya, orang sering sakit, kerusakan otak, kemunduran, tendensi hipokondriasis, intelegensi kurang, pikirannya melayang (over) pada paranoid, terlalu membanggakan intelek, penekanan pada fantasi (pada anak-anak) aspirasi intelektuil (mungkin disertai orandiosity), kurang masak dalam instropeksi atau fantasi, simptom-simptom pada kepala넿",0,1,0,0
260_3,[넱ormal넿,0,0,0,1
261_3,"[넶endensi hambatan dalam hubungan sosial, neourotis넿",1,0,0,0
262_3,[넱ormal넿,0,0,0,1
263_3,"[네da kemungkinan gangguan organis (misalnya, orang sering sakit, kerusakan otak, kemunduran, tendensi hipokondriasis, intelegensi kurang, pikirannya melayang (over) pada paranoid, terlalu membanggakan intelek, penekanan pada fantasi (pada anak-anak) aspirasi intelektuil (mungkin disertai orandiosity), kurang masak dalam instropeksi atau fantasi, simptom-simptom pada kepala넿",0,1,0,0
264_3,[넱ormal넿,0,0,0,1
265_3,"[네da kemungkinan gangguan organis (misalnya, orang sering sakit, kerusakan otak, kemunduran, tendensi hipokondriasis, intelegensi kurang, pikirannya melayang (over) pada paranoid, terlalu membanggakan intelek, penekanan pada fantasi (pada anak-anak) aspirasi intelektuil (mungkin disertai orandiosity), kurang masak dalam instropeksi atau fantasi, simptom-simptom pada kepala넿",0,1,0,0
266_3,"[네da kemungkinan gangguan organis (misalnya, orang sering sakit, kerusakan otak, kemunduran, tendensi hipokondriasis, intelegensi kurang, pikirannya melayang (over) pada paranoid, terlalu membanggakan intelek, penekanan pada fantasi (pada anak-anak) aspirasi intelektuil (mungkin disertai orandiosity), kurang masak dalam instropeksi atau fantasi, simptom-simptom pada kepala넿",0,1,0,0
267_3,[넱ormal넿,0,0,0,1
268_3,"[네da kemungkinan gangguan organis (misalnya, orang sering sakit, kerusakan otak, kemunduran, tendensi hipokondriasis, intelegensi kurang, pikirannya melayang (over) pada paranoid, terlalu membanggakan intelek, penekanan pada fantasi (pada anak-anak) aspirasi intelektuil (mungkin disertai orandiosity), kurang masak dalam instropeksi atau fantasi, simptom-simptom pada kepala넿",0,1,0,0
269_3,"[네da kemungkinan gangguan organis (misalnya, orang sering sakit, kerusakan otak, kemunduran, tendensi hipokondriasis, intelegensi kurang, pikirannya melayang (over) pada paranoid, terlalu membanggakan intelek, penekanan pada fantasi (pada anak-anak) aspirasi intelektuil (mungkin disertai orandiosity), kurang masak dalam instropeksi atau fantasi, simptom-simptom pada kepala넿",0,1,0,0
270_3,"[네da kemungkinan gangguan organis (misalnya, orang sering sakit, kerusakan otak, kemunduran, tendensi hipokondriasis, intelegensi kurang, pikirannya melayang (over) pada paranoid, terlalu membanggakan intelek, penekanan pada fantasi (pada anak-anak) aspirasi intelektuil (mungkin disertai orandiosity), kurang masak dalam instropeksi atau fantasi, simptom-simptom pada kepala넿",0,1,0,0
271_3,"[네da kemungkinan gangguan organis (misalnya, orang sering sakit, kerusakan otak, kemunduran, tendensi hipokondriasis, intelegensi kurang, pikirannya melayang (over) pada paranoid, terlalu membanggakan intelek, penekanan pada fantasi (pada anak-anak) aspirasi intelektuil (mungkin disertai orandiosity), kurang masak dalam instropeksi atau fantasi, simptom-simptom pada kepala넿",0,1,0,0
272_3,"[네da kemungkinan gangguan organis (misalnya, orang sering sakit, kerusakan otak, kemunduran, tendensi hipokondriasis, intelegensi kurang, pikirannya melayang (over) pada paranoid, terlalu membanggakan intelek, penekanan pada fantasi (pada anak-anak) aspirasi intelektuil (mungkin disertai orandiosity), kurang masak dalam instropeksi atau fantasi, simptom-simptom pada kepala넿",0,1,0,0
273_3,[넶endensi aspirasi lebih besar dari pada kemampuan넿,0,0,1,0
274_3,[넱ormal넿,0,0,0,1
275_3,"[넶endensi hambatan dalam hubungan sosial, neourotis넿",1,0,0,0
276_3,"[네da kemungkinan gangguan organis (misalnya, orang sering sakit, kerusakan otak, kemunduran, tendensi hipokondriasis, intelegensi kurang, pikirannya melayang (over) pada paranoid, terlalu membanggakan intelek, penekanan pada fantasi (pada anak-anak) aspirasi intelektuil (mungkin disertai orandiosity), kurang masak dalam instropeksi atau fantasi, simptom-simptom pada kepala넿",0,1,0,0
277_3,[넱ormal넿,0,0,0,1
278_3,[넱ormal넿,0,0,0,1
279_3,"[넶endensi hambatan dalam hubungan sosial, neourotis넿",1,0,0,0
280_3,[넶endensi aspirasi lebih besar dari pada kemampuan넿,0,0,1,0
281_3,[넱ormal넿,0,0,0,1
282_3,"[네da kemungkinan gangguan organis (misalnya, orang sering sakit, kerusakan otak, kemunduran, tendensi hipokondriasis, intelegensi kurang, pikirannya melayang (over) pada paranoid, terlalu membanggakan intelek, penekanan pada fantasi (pada anak-anak) aspirasi intelektuil (mungkin disertai orandiosity), kurang masak dalam instropeksi atau fantasi, simptom-simptom pada kepala넿",0,1,0,0
283_3,[넱ormal넿,0,0,0,1
284_3,"[네da kemungkinan gangguan organis (misalnya, orang sering sakit, kerusakan otak, kemunduran, tendensi hipokondriasis, intelegensi kurang, pikirannya melayang (over) pada paranoid, terlalu membanggakan intelek, penekanan pada fantasi (pada anak-anak) aspirasi intelektuil (mungkin disertai orandiosity), kurang masak dalam instropeksi atau fantasi, simptom-simptom pada kepala넿",0,1,0,0
285_3,"[네da kemungkinan gangguan organis (misalnya, orang sering sakit, kerusakan otak, kemunduran, tendensi hipokondriasis, intelegensi kurang, pikirannya melayang (over) pada paranoid, terlalu membanggakan intelek, penekanan pada fantasi (pada anak-anak) aspirasi intelektuil (mungkin disertai orandiosity), kurang masak dalam instropeksi atau fantasi, simptom-simptom pada kepala넿",0,1,0,0
286_3,[넶endensi aspirasi lebih besar dari pada kemampuan넿,0,0,1,0
287_3,"[네da kemungkinan gangguan organis (misalnya, orang sering sakit, kerusakan otak, kemunduran, tendensi hipokondriasis, intelegensi kurang, pikirannya melayang (over) pada paranoid, terlalu membanggakan intelek, penekanan pada fantasi (pada anak-anak) aspirasi intelektuil (mungkin disertai orandiosity), kurang masak dalam instropeksi atau fantasi, simptom-simptom pada kepala넿",0,1,0,0
288_3,[넶endensi aspirasi lebih besar dari pada kemampuan넿,0,0,1,0
289_3,"[네da kemungkinan gangguan organis (misalnya, orang sering sakit, kerusakan otak, kemunduran, tendensi hipokondriasis, intelegensi kurang, pikirannya melayang (over) pada paranoid, terlalu membanggakan intelek, penekanan pada fantasi (pada anak-anak) aspirasi intelektuil (mungkin disertai orandiosity), kurang masak dalam instropeksi atau fantasi, simptom-simptom pada kepala넿",0,1,0,0
290_3,[넶endensi aspirasi lebih besar dari pada kemampuan넿,0,0,1,0
291_3,"[네da kemungkinan gangguan organis (misalnya, orang sering sakit, kerusakan otak, kemunduran, tendensi hipokondriasis, intelegensi kurang, pikirannya melayang (over) pada paranoid, terlalu membanggakan intelek, penekanan pada fantasi (pada anak-anak) aspirasi intelektuil (mungkin disertai orandiosity), kurang masak dalam instropeksi atau fantasi, simptom-simptom pada kepala넿",0,1,0,0
292_3,"[네da kemungkinan gangguan organis (misalnya, orang sering sakit, kerusakan otak, kemunduran, tendensi hipokondriasis, intelegensi kurang, pikirannya melayang (over) pada paranoid, terlalu membanggakan intelek, penekanan pada fantasi (pada anak-anak) aspirasi intelektuil (mungkin disertai orandiosity), kurang masak dalam instropeksi atau fantasi, simptom-simptom pada kepala넿",0,1,0,0
293_3,"[네da kemungkinan gangguan organis (misalnya, orang sering sakit, kerusakan otak, kemunduran, tendensi hipokondriasis, intelegensi kurang, pikirannya melayang (over) pada paranoid, terlalu membanggakan intelek, penekanan pada fantasi (pada anak-anak) aspirasi intelektuil (mungkin disertai orandiosity), kurang masak dalam instropeksi atau fantasi, simptom-simptom pada kepala넿",0,1,0,0
294_3,"[네da kemungkinan gangguan organis (misalnya, orang sering sakit, kerusakan otak, kemunduran, tendensi hipokondriasis, intelegensi kurang, pikirannya melayang (over) pada paranoid, terlalu membanggakan intelek, penekanan pada fantasi (pada anak-anak) aspirasi intelektuil (mungkin disertai orandiosity), kurang masak dalam instropeksi atau fantasi, simptom-simptom pada kepala넿",0,1,0,0
295_3,"[네da kemungkinan gangguan organis (misalnya, orang sering sakit, kerusakan otak, kemunduran, tendensi hipokondriasis, intelegensi kurang, pikirannya melayang (over) pada paranoid, terlalu membanggakan intelek, penekanan pada fantasi (pada anak-anak) aspirasi intelektuil (mungkin disertai orandiosity), kurang masak dalam instropeksi atau fantasi, simptom-simptom pada kepala넿",0,1,0,0
296_3,"[네da kemungkinan gangguan organis (misalnya, orang sering sakit, kerusakan otak, kemunduran, tendensi hipokondriasis, intelegensi kurang, pikirannya melayang (over) pada paranoid, terlalu membanggakan intelek, penekanan pada fantasi (pada anak-anak) aspirasi intelektuil (mungkin disertai orandiosity), kurang masak dalam instropeksi atau fantasi, simptom-simptom pada kepala넿",0,1,0,0
297_3,"[넶endensi hambatan dalam hubungan sosial, neourotis넿",1,0,0,0
298_3,"[네da kemungkinan gangguan organis (misalnya, orang sering sakit, kerusakan otak, kemunduran, tendensi hipokondriasis, intelegensi kurang, pikirannya melayang (over) pada paranoid, terlalu membanggakan intelek, penekanan pada fantasi (pada anak-anak) aspirasi intelektuil (mungkin disertai orandiosity), kurang masak dalam instropeksi atau fantasi, simptom-simptom pada kepala넿",0,1,0,0
299_3,"[네da kemungkinan gangguan organis (misalnya, orang sering sakit, kerusakan otak, kemunduran, tendensi hipokondriasis, intelegensi kurang, pikirannya melayang (over) pada paranoid, terlalu membanggakan intelek, penekanan pada fantasi (pada anak-anak) aspirasi intelektuil (mungkin disertai orandiosity), kurang masak dalam instropeksi atau fantasi, simptom-simptom pada kepala넿",0,1,0,0
300_3,"[네da kemungkinan gangguan organis (misalnya, orang sering sakit, kerusakan otak, kemunduran, tendensi hipokondriasis, intelegensi kurang, pikirannya melayang (over) pada paranoid, terlalu membanggakan intelek, penekanan pada fantasi (pada anak-anak) aspirasi intelektuil (mungkin disertai orandiosity), kurang masak dalam instropeksi atau fantasi, simptom-simptom pada kepala넿",0,1,0,0
